1,1-ISTIKLAL YOLUNDA v2+.txt,cumhuriyet tarihi
2,100. YILINDA.txt,cumhuriyet tarihi
3,19 ESER AFGANISTAN VE TURKLER EV+Baskı Nüshası.txt,uluslararası ilişkiler
4,1921 anayasası-99.txt,anayasa tarihi
5,1999 Türklerde Spor Kültürü..txt,spor
6,23 - MARCUS ANTONIUS Baskı.txt,dünya tarihi
7,ABDI TARIHI 1 aranabilir.txt,osmanlı tarihi
8,Adalar Denizi 2.txt,ada tarihi
9,ALİ FETHİ OKYAR.txt,biyografi
10,Anadolu selçuklu ve osmanlı darüşşifaları.txt,türk mimarisi
11,ANADOLUNUN FETHI 1.pdf aranabilir.txt,anadolu tarihi
12,Arşiv Belgelerinde Siyakat Yazısı Özellikleri ve Divan Rakamları.pdf aranabilir.txt,türk yazı tarihi
13,BATI TRAKYA MESELESİ.txt,balkanlar
14,CENABİ AHMET PAŞA KÜLLİYESİ.txt,türk mimarisi
15,CUMHURİYETİN DÜŞÜNÜRLERİ.txt,cumhuriyet tarihi biyografi
16,CİNLİ HAN.txt,roman
17,Dogu Turkistan Icin Savas-tarama duzeltmesi-kaynaklar yapıldı.txt,uluslararası ilişkiler
18,düşünceleriyle atatürk 1+.pdf aranabilir.txt,mustafa kemal atatürk
19,DÜŞÜNCELERİYLE ATATÜRK.txt,mustafa kemal atatürk
20,Eski mısır tarihi ve medeniyeti 1.pdf aranabilir.txt,mısır tarihi
21,Eskiçağda Yazı malzemeleri son 2021.txt,yazı tarihi
22,ESKİ ORTA ASYA TÜRK DEVLETLERİNDE AİLE.txt,türk aile yapısı
23,GALATLAR.txt,galat tarihi
24,Hatay Tarihi.txt,cumhuriyet tarihi
25,Hitay Sefaretnamesi Baski.txt,seferatname
26,I. KILIC ARSLAN 1.pdf aranabilir.txt,anadolu selçuklu
27,JÖN TÜRK.txt,roman
28,KAFKAS.txt,roman
29,KAHRAMANMARAŞ’TA BULUNMUŞ.txt,yazı tarihi
30,kalmuk istilası ve türk dünyasına etkileri.pdf aranabilir.txt,uluslararası ilişkiler
31,KEMAH SANCAGI VE ERCINCAN KAZASI.txt,doğu anadolu tarihi
32,KIPÇAK URUK VE BOYLAR.txt,türk boyları
33,KIRIM VE KAFKAS GÖÇLERİ 1856-1876.txt,göçler
34,KURTULUŞ SAVAŞINDA TÜRK KADINI.txt,cumhuriyet tarihi
35,KURTULUŞ SAVAŞINDA.txt,cumhuriyet tarihi
36,Kültepe Mühür Baskılarında...txt,yazı tarihi
37,Lozanın Bir Öncüsü Baskı hali.txt,cumhuriyet tarihi
38,MEMLÜKLERDE.txt,islam tarihi
39,mimar koca sinan 1+.pdf aranabilir.txt,türk mimarisi
40,Moğol Dönemi İranında Kadın.txt,iran tarihi
41,MİLLETİN SESİ.txt,cumhuriyet tarihi
42,MİLLİ MÜCADELE GÜNLERİNDE DİN ADAMLARI.txt,cumhuriyet tarihinde din
43,Nişancılar Durağı.txt,askeri tarih
44,PEÇENEKLER.txt,osmanlı tarihi
45,piri reisin hayatı ve eseleri 1.pdf aranabilir.txt,biyografi
46,SAMSUNDAN ANKARAYA.pdf aranabilir.txt,cumhuriyet tarihi
47,selçuklular ve bizans 3.baskı.txt,anadolu tarihi
48,SİBİR TARİHİ(11.5.2016).txt,osmanlı tarihi
49,Uluğ Beg ve Zamanı.txt,biyografi
50,İSLAM BİZANS İLİŞKİLERİ (SON - BASKI) 1.pdf aranabilir.txt,uluslararası ilişkiler